Threads,Buffer,Buckets,Stripe,Temp_Dir,Plot_Dir,Phase_1_Time,Phase_2_Time,Phase_3_Time,Phase_4_Time,Total_Time
1,512,16,2048,/data-fast/varvara/tmp,/data-fast/varvara/plot,959.770,242.972,460.072,32.549,1695.366
1,512,16,4096,/data-fast/varvara/tmp,/data-fast/varvara/plot,864.393,248.578,459.427,31.514,1603.914
1,512,16,8192,/data-fast/varvara/tmp,/data-fast/varvara/plot,873.345,247.995,459.212,32.400,1612.954
1,512,16,16384,/data-fast/varvara/tmp,/data-fast/varvara/plot,855.087,243.433,458.255,32.996,1589.772
1,512,16,32768,/data-fast/varvara/tmp,/data-fast/varvara/plot,811.852,247.387,462.777,31.233,1553.250
1,512,16,65536,/data-fast/varvara/tmp,/data-fast/varvara/plot,834.459,247.083,458.562,32.719,1572.824
1,512,16,131072,/data-fast/varvara/tmp,/data-fast/varvara/plot,801.278,248.876,458.295,31.770,1540.221
1,512,16,262144,/data-fast/varvara/tmp,/data-fast/varvara/plot,806.621,247.601,460.692,31.469,1546.384
1,512,32,2048,/data-fast/varvara/tmp,/data-fast/varvara/plot,969.085,242.412,421.020,31.002,1663.522
1,512,32,4096,/data-fast/varvara/tmp,/data-fast/varvara/plot,900.438,244.304,419.749,31.815,1596.309
1,512,32,8192,/data-fast/varvara/tmp,/data-fast/varvara/plot,867.733,247.459,418.585,31.649,1565.428
1,512,32,16384,/data-fast/varvara/tmp,/data-fast/varvara/plot,858.185,244.785,418.753,31.896,1553.621
1,512,32,32768,/data-fast/varvara/tmp,/data-fast/varvara/plot,853.681,243.926,420.549,32.071,1550.229
1,512,32,65536,/data-fast/varvara/tmp,/data-fast/varvara/plot,835.826,239.649,420.979,32.112,1528.568
1,512,32,131072,/data-fast/varvara/tmp,/data-fast/varvara/plot,832.557,239.292,420.306,31.816,1523.973
1,512,32,262144,/data-fast/varvara/tmp,/data-fast/varvara/plot,838.285,246.595,421.259,31.204,1537.344
1,512,64,2048,/data-fast/varvara/tmp,/data-fast/varvara/plot,964.993,245.604,418.424,30.643,1659.666
1,512,64,4096,/data-fast/varvara/tmp,/data-fast/varvara/plot,912.148,243.523,419.279,30.709,1605.662
1,512,64,8192,/data-fast/varvara/tmp,/data-fast/varvara/plot,881.038,246.816,419.344,30.727,1577.928
1,512,64,16384,/data-fast/varvara/tmp,/data-fast/varvara/plot,853.351,238.573,415.627,30.927,1538.481
1,512,64,32768,/data-fast/varvara/tmp,/data-fast/varvara/plot,846.614,245.545,416.765,31.117,1540.042
1,512,64,65536,/data-fast/varvara/tmp,/data-fast/varvara/plot,849.791,244.276,417.549,30.697,1542.315
1,512,64,131072,/data-fast/varvara/tmp,/data-fast/varvara/plot,827.604,242.048,414.757,30.954,1515.365
1,512,64,262144,/data-fast/varvara/tmp,/data-fast/varvara/plot,839.334,243.443,416.919,30.926,1530.624
1,512,128,2048,/data-fast/varvara/tmp,/data-fast/varvara/plot,961.509,243.246,414.040,29.595,1648.392
1,512,128,4096,/data-fast/varvara/tmp,/data-fast/varvara/plot,900.255,239.205,413.950,29.757,1583.168
1,512,128,8192,/data-fast/varvara/tmp,/data-fast/varvara/plot,875.223,237.609,410.866,29.237,1552.937
1,512,128,16384,/data-fast/varvara/tmp,/data-fast/varvara/plot,851.320,241.847,411.554,29.856,1534.580
1,512,128,32768,/data-fast/varvara/tmp,/data-fast/varvara/plot,850.213,242.412,412.161,29.375,1534.162
1,512,128,65536,/data-fast/varvara/tmp,/data-fast/varvara/plot,838.653,242.170,410.956,29.672,1521.452
1,512,128,131072,/data-fast/varvara/tmp,/data-fast/varvara/plot,843.540,242.483,413.024,29.860,1528.910
1,512,128,262144,/data-fast/varvara/tmp,/data-fast/varvara/plot,848.930,243.763,413.514,30.025,1536.233
1,1024,16,2048,/data-fast/varvara/tmp,/data-fast/varvara/plot,959.372,242.794,429.361,32.485,1664.014
1,1024,16,4096,/data-fast/varvara/tmp,/data-fast/varvara/plot,911.850,247.704,430.240,32.188,1621.984
1,1024,16,8192,/data-fast/varvara/tmp,/data-fast/varvara/plot,879.600,246.389,428.026,32.586,1586.604
1,1024,16,16384,/data-fast/varvara/tmp,/data-fast/varvara/plot,874.247,246.091,427.628,32.177,1580.145
1,1024,16,32768,/data-fast/varvara/tmp,/data-fast/varvara/plot,871.852,247.011,427.285,31.456,1577.606
1,1024,16,65536,/data-fast/varvara/tmp,/data-fast/varvara/plot,860.751,247.251,426.679,32.972,1567.655
1,1024,16,131072,/data-fast/varvara/tmp,/data-fast/varvara/plot,852.536,247.177,428.665,32.758,1561.137
1,1024,16,262144,/data-fast/varvara/tmp,/data-fast/varvara/plot,843.750,248.376,426.768,32.205,1551.100
1,1024,32,2048,/data-fast/varvara/tmp,/data-fast/varvara/plot,963.049,242.772,422.739,30.965,1659.527
1,1024,32,4096,/data-fast/varvara/tmp,/data-fast/varvara/plot,921.422,243.594,421.729,30.734,1617.481
1,1024,32,8192,/data-fast/varvara/tmp,/data-fast/varvara/plot,877.450,247.054,419.604,31.888,1575.999
1,1024,32,16384,/data-fast/varvara/tmp,/data-fast/varvara/plot,860.718,243.410,419.782,31.898,1555.809
1,1024,32,32768,/data-fast/varvara/tmp,/data-fast/varvara/plot,859.703,243.727,420.365,30.712,1554.508
1,1024,32,65536,/data-fast/varvara/tmp,/data-fast/varvara/plot,846.287,242.708,420.571,30.880,1540.447
1,1024,32,131072,/data-fast/varvara/tmp,/data-fast/varvara/plot,849.257,247.266,423.086,32.227,1551.837
1,1024,32,262144,/data-fast/varvara/tmp,/data-fast/varvara/plot,846.672,242.511,419.068,30.993,1539.246
1,1024,64,2048,/data-fast/varvara/tmp,/data-fast/varvara/plot,965.580,241.812,418.613,31.038,1657.044
1,1024,64,4096,/data-fast/varvara/tmp,/data-fast/varvara/plot,895.514,243.483,417.584,30.863,1587.446
1,1024,64,8192,/data-fast/varvara/tmp,/data-fast/varvara/plot,871.791,242.508,417.462,30.996,1562.758
1,1024,64,16384,/data-fast/varvara/tmp,/data-fast/varvara/plot,856.511,240.953,416.421,31.174,1545.062
1,1024,64,32768,/data-fast/varvara/tmp,/data-fast/varvara/plot,847.759,246.419,415.465,30.954,1540.599
1,1024,64,65536,/data-fast/varvara/tmp,/data-fast/varvara/plot,842.718,243.348,416.808,30.965,1533.841
1,1024,64,131072,/data-fast/varvara/tmp,/data-fast/varvara/plot,842.490,243.234,417.337,30.133,1533.197
1,1024,64,262144,/data-fast/varvara/tmp,/data-fast/varvara/plot,836.427,239.973,416.441,30.668,1523.510
1,1024,128,2048,/data-fast/varvara/tmp,/data-fast/varvara/plot,959.593,242.820,413.691,29.628,1645.734
1,1024,128,4096,/data-fast/varvara/tmp,/data-fast/varvara/plot,893.384,239.642,412.338,29.556,1574.922
1,1024,128,8192,/data-fast/varvara/tmp,/data-fast/varvara/plot,880.190,236.440,412.161,29.429,1558.222
1,1024,128,16384,/data-fast/varvara/tmp,/data-fast/varvara/plot,863.597,235.746,412.891,29.909,1542.146
1,1024,128,32768,/data-fast/varvara/tmp,/data-fast/varvara/plot,864.640,242.349,413.755,30.037,1550.782
1,1024,128,65536,/data-fast/varvara/tmp,/data-fast/varvara/plot,828.955,242.983,411.804,29.566,1513.310
1,1024,128,131072,/data-fast/varvara/tmp,/data-fast/varvara/plot,834.717,243.078,412.797,29.627,1520.221
1,1024,128,262144,/data-fast/varvara/tmp,/data-fast/varvara/plot,832.746,237.635,412.888,29.768,1513.039
1,2048,16,2048,/data-fast/varvara/tmp,/data-fast/varvara/plot,946.679,243.477,429.676,32.852,1652.685
1,2048,16,4096,/data-fast/varvara/tmp,/data-fast/varvara/plot,928.538,247.105,428.738,31.248,1635.631
1,2048,16,8192,/data-fast/varvara/tmp,/data-fast/varvara/plot,889.557,242.531,428.543,31.957,1592.589
1,2048,16,16384,/data-fast/varvara/tmp,/data-fast/varvara/plot,890.280,246.557,429.857,31.256,1597.952
1,2048,16,32768,/data-fast/varvara/tmp,/data-fast/varvara/plot,865.087,245.372,427.748,32.783,1570.991
1,2048,16,65536,/data-fast/varvara/tmp,/data-fast/varvara/plot,883.921,240.437,429.574,31.765,1585.700
1,2048,16,131072,/data-fast/varvara/tmp,/data-fast/varvara/plot,848.842,247.277,427.953,32.136,1556.210
1,2048,16,262144,/data-fast/varvara/tmp,/data-fast/varvara/plot,866.301,247.974,428.189,31.218,1573.684
1,2048,32,2048,/data-fast/varvara/tmp,/data-fast/varvara/plot,971.396,245.189,422.210,31.028,1669.825
1,2048,32,4096,/data-fast/varvara/tmp,/data-fast/varvara/plot,913.379,240.209,419.721,31.579,1604.890
1,2048,32,8192,/data-fast/varvara/tmp,/data-fast/varvara/plot,877.484,238.014,419.971,31.641,1567.113
1,2048,32,16384,/data-fast/varvara/tmp,/data-fast/varvara/plot,849.276,246.169,418.425,31.872,1545.744
1,2048,32,32768,/data-fast/varvara/tmp,/data-fast/varvara/plot,852.458,239.855,420.009,32.040,1544.363
1,2048,32,65536,/data-fast/varvara/tmp,/data-fast/varvara/plot,837.599,239.181,419.678,31.809,1528.268
1,2048,32,131072,/data-fast/varvara/tmp,/data-fast/varvara/plot,839.230,244.425,418.347,31.872,1533.876
1,2048,32,262144,/data-fast/varvara/tmp,/data-fast/varvara/plot,856.082,247.469,418.219,30.959,1552.731
1,2048,64,2048,/data-fast/varvara/tmp,/data-fast/varvara/plot,951.857,241.969,417.315,30.936,1642.079
1,2048,64,4096,/data-fast/varvara/tmp,/data-fast/varvara/plot,901.709,238.375,417.102,31.035,1588.223
1,2048,64,8192,/data-fast/varvara/tmp,/data-fast/varvara/plot,884.357,244.323,418.751,30.558,1577.990
1,2048,64,16384,/data-fast/varvara/tmp,/data-fast/varvara/plot,867.320,240.784,416.817,30.834,1555.756
1,2048,64,32768,/data-fast/varvara/tmp,/data-fast/varvara/plot,839.846,240.083,416.739,30.765,1527.435
1,2048,64,65536,/data-fast/varvara/tmp,/data-fast/varvara/plot,845.634,242.812,416.275,30.708,1535.431
1,2048,64,131072,/data-fast/varvara/tmp,/data-fast/varvara/plot,836.100,244.919,415.624,30.371,1527.015
1,2048,64,262144,/data-fast/varvara/tmp,/data-fast/varvara/plot,840.415,241.387,415.643,30.966,1528.414
1,2048,128,2048,/data-fast/varvara/tmp,/data-fast/varvara/plot,952.882,237.430,413.068,30.074,1633.456
1,2048,128,4096,/data-fast/varvara/tmp,/data-fast/varvara/plot,901.105,242.401,412.845,29.525,1585.878
1,2048,128,8192,/data-fast/varvara/tmp,/data-fast/varvara/plot,866.639,242.581,412.162,29.865,1551.250
1,2048,128,16384,/data-fast/varvara/tmp,/data-fast/varvara/plot,852.246,234.371,412.438,29.434,1528.491
1,2048,128,32768,/data-fast/varvara/tmp,/data-fast/varvara/plot,851.179,236.181,412.437,30.012,1529.810
1,2048,128,65536,/data-fast/varvara/tmp,/data-fast/varvara/plot,855.782,240.045,412.150,30.049,1538.027
1,2048,128,131072,/data-fast/varvara/tmp,/data-fast/varvara/plot,836.561,235.933,412.367,29.908,1514.771
1,2048,128,262144,/data-fast/varvara/tmp,/data-fast/varvara/plot,838.925,242.002,412.606,29.861,1523.396
1,4096,16,2048,/data-fast/varvara/tmp,/data-fast/varvara/plot,958.309,238.885,428.332,32.115,1657.642
1,4096,16,4096,/data-fast/varvara/tmp,/data-fast/varvara/plot,947.282,242.150,429.539,30.278,1649.252
1,4096,16,8192,/data-fast/varvara/tmp,/data-fast/varvara/plot,905.908,247.424,428.975,31.109,1613.418
1,4096,16,16384,/data-fast/varvara/tmp,/data-fast/varvara/plot,870.661,244.769,428.558,32.614,1576.603
1,4096,16,32768,/data-fast/varvara/tmp,/data-fast/varvara/plot,864.390,247.072,428.882,32.989,1573.335
1,4096,16,65536,/data-fast/varvara/tmp,/data-fast/varvara/plot,842.159,241.820,428.535,32.666,1545.182
1,4096,16,131072,/data-fast/varvara/tmp,/data-fast/varvara/plot,855.365,246.892,428.620,32.922,1563.802
1,4096,16,262144,/data-fast/varvara/tmp,/data-fast/varvara/plot,840.130,246.137,429.445,32.876,1548.590
1,4096,32,2048,/data-fast/varvara/tmp,/data-fast/varvara/plot,970.245,239.179,419.517,31.267,1660.210
1,4096,32,4096,/data-fast/varvara/tmp,/data-fast/varvara/plot,887.967,239.208,418.969,31.744,1577.889
1,4096,32,8192,/data-fast/varvara/tmp,/data-fast/varvara/plot,882.244,242.253,420.020,32.097,1576.614
1,4096,32,16384,/data-fast/varvara/tmp,/data-fast/varvara/plot,873.427,243.617,421.440,31.226,1569.712
1,4096,32,32768,/data-fast/varvara/tmp,/data-fast/varvara/plot,870.836,241.027,418.120,31.066,1561.051
1,4096,32,65536,/data-fast/varvara/tmp,/data-fast/varvara/plot,851.563,240.387,422.081,31.443,1545.476
1,4096,32,131072,/data-fast/varvara/tmp,/data-fast/varvara/plot,854.147,239.843,420.327,31.197,1545.516
1,4096,32,262144,/data-fast/varvara/tmp,/data-fast/varvara/plot,847.903,241.938,419.879,31.574,1541.296
1,4096,64,2048,/data-fast/varvara/tmp,/data-fast/varvara/plot,952.273,249.391,417.564,30.304,1649.534
1,4096,64,4096,/data-fast/varvara/tmp,/data-fast/varvara/plot,906.572,240.094,417.582,30.343,1594.592
1,4096,64,8192,/data-fast/varvara/tmp,/data-fast/varvara/plot,877.948,242.309,417.481,30.405,1568.146
1,4096,64,16384,/data-fast/varvara/tmp,/data-fast/varvara/plot,857.864,242.684,418.562,30.982,1550.094
1,4096,64,32768,/data-fast/varvara/tmp,/data-fast/varvara/plot,850.072,242.972,414.799,30.581,1538.425
1,4096,64,65536,/data-fast/varvara/tmp,/data-fast/varvara/plot,841.358,241.328,416.264,30.816,1529.769
1,4096,64,131072,/data-fast/varvara/tmp,/data-fast/varvara/plot,838.991,241.366,417.438,30.933,1528.731
1,4096,64,262144,/data-fast/varvara/tmp,/data-fast/varvara/plot,830.135,241.735,417.318,30.258,1519.448
1,4096,128,2048,/data-fast/varvara/tmp,/data-fast/varvara/plot,947.834,235.770,414.331,29.809,1627.745
1,4096,128,4096,/data-fast/varvara/tmp,/data-fast/varvara/plot,906.406,235.533,415.020,29.839,1586.800
1,4096,128,8192,/data-fast/varvara/tmp,/data-fast/varvara/plot,879.550,243.512,412.417,29.666,1565.147
1,4096,128,16384,/data-fast/varvara/tmp,/data-fast/varvara/plot,857.358,240.442,412.680,29.512,1539.994
1,4096,128,32768,/data-fast/varvara/tmp,/data-fast/varvara/plot,852.730,238.798,412.066,29.945,1533.541
1,4096,128,65536,/data-fast/varvara/tmp,/data-fast/varvara/plot,841.571,233.555,412.831,30.132,1518.091
1,4096,128,131072,/data-fast/varvara/tmp,/data-fast/varvara/plot,844.066,238.643,412.861,30.063,1525.635
1,4096,128,262144,/data-fast/varvara/tmp,/data-fast/varvara/plot,854.567,243.134,413.708,29.888,1541.299
1,8192,16,2048,/data-fast/varvara/tmp,/data-fast/varvara/plot,965.933,243.632,427.396,32.882,1669.844
1,8192,16,4096,/data-fast/varvara/tmp,/data-fast/varvara/plot,899.453,242.151,426.861,32.604,1601.072
1,8192,16,8192,/data-fast/varvara/tmp,/data-fast/varvara/plot,882.003,245.777,427.428,32.557,1587.766
1,8192,16,16384,/data-fast/varvara/tmp,/data-fast/varvara/plot,866.284,246.421,427.048,32.887,1572.642
1,8192,16,32768,/data-fast/varvara/tmp,/data-fast/varvara/plot,859.154,245.220,427.209,32.699,1564.284
1,8192,16,65536,/data-fast/varvara/tmp,/data-fast/varvara/plot,854.616,241.972,427.061,32.473,1556.123
1,8192,16,131072,/data-fast/varvara/tmp,/data-fast/varvara/plot,851.071,244.691,429.931,32.666,1558.361
1,8192,16,262144,/data-fast/varvara/tmp,/data-fast/varvara/plot,870.186,246.868,428.900,32.716,1578.672
1,8192,32,2048,/data-fast/varvara/tmp,/data-fast/varvara/plot,974.368,240.143,423.217,31.216,1668.947
1,8192,32,4096,/data-fast/varvara/tmp,/data-fast/varvara/plot,892.566,242.085,417.986,31.537,1584.176
1,8192,32,8192,/data-fast/varvara/tmp,/data-fast/varvara/plot,895.885,241.324,421.190,30.681,1589.082
1,8192,32,16384,/data-fast/varvara/tmp,/data-fast/varvara/plot,875.737,240.741,420.968,30.866,1568.314
1,8192,32,32768,/data-fast/varvara/tmp,/data-fast/varvara/plot,859.757,242.862,422.429,31.264,1556.313
1,8192,32,65536,/data-fast/varvara/tmp,/data-fast/varvara/plot,848.047,236.289,419.479,31.787,1535.604
1,8192,32,131072,/data-fast/varvara/tmp,/data-fast/varvara/plot,861.652,239.476,421.630,31.100,1553.860
1,8192,32,262144,/data-fast/varvara/tmp,/data-fast/varvara/plot,844.872,247.878,420.692,31.152,1544.596
1,8192,64,2048,/data-fast/varvara/tmp,/data-fast/varvara/plot,951.391,238.438,417.853,30.511,1638.196
1,8192,64,4096,/data-fast/varvara/tmp,/data-fast/varvara/plot,890.183,241.805,416.696,30.824,1579.510
1,8192,64,8192,/data-fast/varvara/tmp,/data-fast/varvara/plot,871.980,242.903,415.937,31.170,1561.991
1,8192,64,16384,/data-fast/varvara/tmp,/data-fast/varvara/plot,867.959,243.513,417.599,30.277,1559.349
1,8192,64,32768,/data-fast/varvara/tmp,/data-fast/varvara/plot,834.994,237.381,414.841,30.723,1517.941
1,8192,64,65536,/data-fast/varvara/tmp,/data-fast/varvara/plot,843.016,243.531,416.203,30.798,1533.549
1,8192,64,131072,/data-fast/varvara/tmp,/data-fast/varvara/plot,836.226,247.764,416.249,31.002,1531.242
1,8192,64,262144,/data-fast/varvara/tmp,/data-fast/varvara/plot,845.174,244.458,416.231,31.106,1536.971
1,8192,128,2048,/data-fast/varvara/tmp,/data-fast/varvara/plot,948.427,236.886,413.656,29.925,1628.896
1,8192,128,4096,/data-fast/varvara/tmp,/data-fast/varvara/plot,912.064,240.678,413.034,29.948,1595.725
1,8192,128,8192,/data-fast/varvara/tmp,/data-fast/varvara/plot,879.882,231.709,412.442,30.067,1554.102
1,8192,128,16384,/data-fast/varvara/tmp,/data-fast/varvara/plot,858.365,234.246,413.263,29.923,1535.800
1,8192,128,32768,/data-fast/varvara/tmp,/data-fast/varvara/plot,845.851,237.668,411.902,29.432,1524.855
1,8192,128,65536,/data-fast/varvara/tmp,/data-fast/varvara/plot,840.040,242.972,412.533,30.084,1525.631
1,8192,128,131072,/data-fast/varvara/tmp,/data-fast/varvara/plot,852.587,237.175,414.520,30.137,1534.421
1,8192,128,262144,/data-fast/varvara/tmp,/data-fast/varvara/plot,839.621,238.225,413.587,30.097,1521.531
1,16384,16,2048,/data-fast/varvara/tmp,/data-fast/varvara/plot,970.690,241.774,429.465,32.778,1674.709
1,16384,16,4096,/data-fast/varvara/tmp,/data-fast/varvara/plot,930.816,246.047,429.810,31.676,1638.351
1,16384,16,8192,/data-fast/varvara/tmp,/data-fast/varvara/plot,904.446,244.613,431.058,32.758,1612.877
1,16384,16,16384,/data-fast/varvara/tmp,/data-fast/varvara/plot,875.582,246.669,429.237,32.902,1584.392
1,16384,16,32768,/data-fast/varvara/tmp,/data-fast/varvara/plot,855.199,246.242,425.707,31.748,1558.897
1,16384,16,65536,/data-fast/varvara/tmp,/data-fast/varvara/plot,863.758,247.274,431.225,30.886,1573.145
1,16384,16,131072,/data-fast/varvara/tmp,/data-fast/varvara/plot,861.174,246.295,428.827,32.742,1569.040
1,16384,16,262144,/data-fast/varvara/tmp,/data-fast/varvara/plot,844.313,247.468,428.119,32.770,1552.671
1,16384,32,2048,/data-fast/varvara/tmp,/data-fast/varvara/plot,941.065,238.100,420.329,31.922,1631.419
1,16384,32,4096,/data-fast/varvara/tmp,/data-fast/varvara/plot,908.381,238.799,421.065,31.242,1599.490
1,16384,32,8192,/data-fast/varvara/tmp,/data-fast/varvara/plot,868.583,243.165,420.087,32.006,1563.844
1,16384,32,16384,/data-fast/varvara/tmp,/data-fast/varvara/plot,868.036,241.880,419.045,31.970,1560.932
1,16384,32,32768,/data-fast/varvara/tmp,/data-fast/varvara/plot,861.189,244.864,420.298,31.106,1557.459
1,16384,32,65536,/data-fast/varvara/tmp,/data-fast/varvara/plot,851.680,243.167,422.372,30.962,1548.183
1,16384,32,131072,/data-fast/varvara/tmp,/data-fast/varvara/plot,845.371,247.612,419.883,31.692,1544.559
1,16384,32,262144,/data-fast/varvara/tmp,/data-fast/varvara/plot,840.945,244.190,418.738,32.023,1535.898
1,16384,64,2048,/data-fast/varvara/tmp,/data-fast/varvara/plot,969.740,245.738,419.492,30.618,1665.591
1,16384,64,4096,/data-fast/varvara/tmp,/data-fast/varvara/plot,899.245,243.154,418.726,31.079,1592.206
1,16384,64,8192,/data-fast/varvara/tmp,/data-fast/varvara/plot,883.695,243.425,416.814,30.804,1574.740
1,16384,64,16384,/data-fast/varvara/tmp,/data-fast/varvara/plot,864.254,241.971,418.574,30.410,1555.210
1,16384,64,32768,/data-fast/varvara/tmp,/data-fast/varvara/plot,846.999,238.015,416.245,31.224,1532.484
1,16384,64,65536,/data-fast/varvara/tmp,/data-fast/varvara/plot,847.610,244.125,418.517,30.517,1540.771
1,16384,64,131072,/data-fast/varvara/tmp,/data-fast/varvara/plot,857.974,239.283,417.635,30.595,1545.489
1,16384,64,262144,/data-fast/varvara/tmp,/data-fast/varvara/plot,844.248,245.860,418.093,30.633,1538.837
1,16384,128,2048,/data-fast/varvara/tmp,/data-fast/varvara/plot,954.507,231.181,413.153,29.482,1628.325
1,16384,128,4096,/data-fast/varvara/tmp,/data-fast/varvara/plot,891.759,239.707,413.523,29.804,1574.795
1,16384,128,8192,/data-fast/varvara/tmp,/data-fast/varvara/plot,876.504,242.327,412.826,29.607,1561.266
1,16384,128,16384,/data-fast/varvara/tmp,/data-fast/varvara/plot,871.220,241.807,413.195,29.845,1556.068
1,16384,128,32768,/data-fast/varvara/tmp,/data-fast/varvara/plot,847.060,233.335,410.566,29.535,1520.499
1,16384,128,65536,/data-fast/varvara/tmp,/data-fast/varvara/plot,840.511,242.974,411.842,29.423,1524.752
1,16384,128,131072,/data-fast/varvara/tmp,/data-fast/varvara/plot,840.580,242.661,412.252,29.626,1525.122
1,16384,128,262144,/data-fast/varvara/tmp,/data-fast/varvara/plot,841.325,237.688,412.312,29.804,1521.130
2,512,16,2048,/data-fast/varvara/tmp,/data-fast/varvara/plot,718.071,241.991,460.642,32.547,1453.254
2,512,16,4096,/data-fast/varvara/tmp,/data-fast/varvara/plot,631.821,243.904,458.065,30.718,1364.509
2,512,16,8192,/data-fast/varvara/tmp,/data-fast/varvara/plot,617.821,241.669,459.512,32.733,1351.737
2,512,16,16384,/data-fast/varvara/tmp,/data-fast/varvara/plot,587.254,238.809,459.844,31.150,1317.059
2,512,16,32768,/data-fast/varvara/tmp,/data-fast/varvara/plot,610.901,245.352,459.768,32.510,1348.533
2,512,16,65536,/data-fast/varvara/tmp,/data-fast/varvara/plot,557.242,245.003,459.073,31.952,1293.272
2,512,16,131072,/data-fast/varvara/tmp,/data-fast/varvara/plot,563.583,246.244,459.571,31.370,1300.769
2,512,16,262144,/data-fast/varvara/tmp,/data-fast/varvara/plot,556.835,241.990,458.886,31.192,1288.905
2,512,32,2048,/data-fast/varvara/tmp,/data-fast/varvara/plot,739.281,246.291,420.235,30.817,1436.625
2,512,32,4096,/data-fast/varvara/tmp,/data-fast/varvara/plot,683.902,248.192,420.736,31.129,1383.961
2,512,32,8192,/data-fast/varvara/tmp,/data-fast/varvara/plot,633.789,243.108,418.239,31.942,1327.081
2,512,32,16384,/data-fast/varvara/tmp,/data-fast/varvara/plot,629.394,241.666,421.785,31.802,1324.649
2,512,32,32768,/data-fast/varvara/tmp,/data-fast/varvara/plot,627.189,248.544,422.212,31.195,1329.142
2,512,32,65536,/data-fast/varvara/tmp,/data-fast/varvara/plot,610.389,242.112,419.244,32.234,1303.981
2,512,32,131072,/data-fast/varvara/tmp,/data-fast/varvara/plot,612.756,247.601,416.957,31.061,1308.377
2,512,32,262144,/data-fast/varvara/tmp,/data-fast/varvara/plot,620.640,246.722,418.870,31.753,1317.987
2,512,64,2048,/data-fast/varvara/tmp,/data-fast/varvara/plot,734.739,243.887,417.947,30.521,1427.095
2,512,64,4096,/data-fast/varvara/tmp,/data-fast/varvara/plot,678.504,247.297,419.345,30.489,1375.637
2,512,64,8192,/data-fast/varvara/tmp,/data-fast/varvara/plot,652.251,248.013,419.512,30.697,1350.474
2,512,64,16384,/data-fast/varvara/tmp,/data-fast/varvara/plot,637.473,241.959,418.662,30.545,1328.642
2,512,64,32768,/data-fast/varvara/tmp,/data-fast/varvara/plot,619.442,242.003,417.136,30.668,1309.252
2,512,64,65536,/data-fast/varvara/tmp,/data-fast/varvara/plot,613.568,243.552,417.989,30.918,1306.029
2,512,64,131072,/data-fast/varvara/tmp,/data-fast/varvara/plot,616.386,243.651,415.977,30.693,1306.709
2,512,64,262144,/data-fast/varvara/tmp,/data-fast/varvara/plot,621.990,246.423,417.997,30.289,1316.700
2,512,128,2048,/data-fast/varvara/tmp,/data-fast/varvara/plot,733.786,242.277,413.004,29.659,1418.728
2,512,128,4096,/data-fast/varvara/tmp,/data-fast/varvara/plot,680.084,238.747,414.353,29.972,1363.158
2,512,128,8192,/data-fast/varvara/tmp,/data-fast/varvara/plot,651.429,241.436,413.678,29.734,1336.279
2,512,128,16384,/data-fast/varvara/tmp,/data-fast/varvara/plot,630.833,239.509,413.141,29.737,1313.223
2,512,128,32768,/data-fast/varvara/tmp,/data-fast/varvara/plot,622.872,243.718,411.449,29.765,1307.806
2,512,128,65536,/data-fast/varvara/tmp,/data-fast/varvara/plot,618.171,236.914,410.477,29.447,1295.011
2,512,128,131072,/data-fast/varvara/tmp,/data-fast/varvara/plot,616.289,239.794,412.289,29.946,1298.320
2,512,128,262144,/data-fast/varvara/tmp,/data-fast/varvara/plot,700.094,237.478,411.137,29.495,1378.206
2,1024,16,2048,/data-fast/varvara/tmp,/data-fast/varvara/plot,742.671,247.785,429.467,32.264,1452.188
2,1024,16,4096,/data-fast/varvara/tmp,/data-fast/varvara/plot,706.835,248.142,431.997,31.546,1418.521
2,1024,16,8192,/data-fast/varvara/tmp,/data-fast/varvara/plot,655.146,247.994,427.383,32.471,1362.995
2,1024,16,16384,/data-fast/varvara/tmp,/data-fast/varvara/plot,630.913,239.433,427.449,32.292,1330.089
2,1024,16,32768,/data-fast/varvara/tmp,/data-fast/varvara/plot,629.218,242.125,428.596,31.449,1331.390
2,1024,16,65536,/data-fast/varvara/tmp,/data-fast/varvara/plot,624.705,247.679,428.303,30.740,1331.429
2,1024,16,131072,/data-fast/varvara/tmp,/data-fast/varvara/plot,621.649,244.766,426.087,30.504,1323.008
2,1024,16,262144,/data-fast/varvara/tmp,/data-fast/varvara/plot,609.341,242.495,428.753,32.451,1313.042
2,1024,32,2048,/data-fast/varvara/tmp,/data-fast/varvara/plot,735.889,240.756,420.456,31.021,1428.125
2,1024,32,4096,/data-fast/varvara/tmp,/data-fast/varvara/plot,672.456,241.452,421.887,31.995,1367.791
2,1024,32,8192,/data-fast/varvara/tmp,/data-fast/varvara/plot,642.282,244.488,420.892,31.351,1339.015
2,1024,32,16384,/data-fast/varvara/tmp,/data-fast/varvara/plot,627.435,247.117,420.325,31.800,1326.679
2,1024,32,32768,/data-fast/varvara/tmp,/data-fast/varvara/plot,627.384,243.762,421.541,31.103,1323.792
2,1024,32,65536,/data-fast/varvara/tmp,/data-fast/varvara/plot,606.045,243.543,421.066,30.931,1301.587
2,1024,32,131072,/data-fast/varvara/tmp,/data-fast/varvara/plot,611.612,247.551,421.701,31.201,1312.066
2,1024,32,262144,/data-fast/varvara/tmp,/data-fast/varvara/plot,610.388,242.485,420.870,30.611,1304.356
2,1024,64,2048,/data-fast/varvara/tmp,/data-fast/varvara/plot,728.350,247.295,417.830,31.124,1424.602
2,1024,64,4096,/data-fast/varvara/tmp,/data-fast/varvara/plot,675.168,242.336,418.506,30.343,1366.354
2,1024,64,8192,/data-fast/varvara/tmp,/data-fast/varvara/plot,650.379,243.103,416.994,30.556,1341.034
2,1024,64,16384,/data-fast/varvara/tmp,/data-fast/varvara/plot,635.137,245.652,418.653,30.536,1329.980
2,1024,64,32768,/data-fast/varvara/tmp,/data-fast/varvara/plot,618.027,246.252,416.432,31.049,1311.762
2,1024,64,65536,/data-fast/varvara/tmp,/data-fast/varvara/plot,612.199,239.751,417.315,31.218,1300.485
2,1024,64,131072,/data-fast/varvara/tmp,/data-fast/varvara/plot,611.952,247.917,417.369,30.618,1307.858
2,1024,64,262144,/data-fast/varvara/tmp,/data-fast/varvara/plot,644.014,243.256,415.888,31.118,1334.277
2,1024,64,32768,/data-fast/varvara/tmp,/data-fast/varvara/plot,621.908,241.298,418.176,30.544,1311.928
2,1024,64,65536,/data-fast/varvara/tmp,/data-fast/varvara/plot,610.783,244.379,416.979,31.215,1303.358
2,1024,64,131072,/data-fast/varvara/tmp,/data-fast/varvara/plot,605.714,243.768,415.873,30.531,1295.888
2,1024,64,262144,/data-fast/varvara/tmp,/data-fast/varvara/plot,651.194,244.014,416.545,30.712,1342.468
2,1024,128,32768,/data-fast/varvara/tmp,/data-fast/varvara/plot,626.644,240.835,415.668,29.680,1312.829
2,1024,128,65536,/data-fast/varvara/tmp,/data-fast/varvara/plot,617.183,246.677,411.765,29.609,1305.236
2,1024,128,131072,/data-fast/varvara/tmp,/data-fast/varvara/plot,644.729,240.651,412.223,29.644,1327.249
2,1024,128,262144,/data-fast/varvara/tmp,/data-fast/varvara/plot,603.345,240.633,414.054,30.010,1288.045
2,2048,64,32768,/data-fast/varvara/tmp,/data-fast/varvara/plot,619.905,243.322,416.650,31.123,1311.002
2,2048,64,65536,/data-fast/varvara/tmp,/data-fast/varvara/plot,614.301,242.739,417.461,31.144,1305.647
2,2048,64,131072,/data-fast/varvara/tmp,/data-fast/varvara/plot,602.857,244.629,417.158,30.807,1295.453
2,2048,64,262144,/data-fast/varvara/tmp,/data-fast/varvara/plot,645.590,245.074,417.120,31.028,1338.814
2,2048,128,32768,/data-fast/varvara/tmp,/data-fast/varvara/plot,622.874,234.711,412.353,29.527,1299.467
2,2048,128,65536,/data-fast/varvara/tmp,/data-fast/varvara/plot,617.658,234.458,411.653,29.883,1293.654
2,2048,128,131072,/data-fast/varvara/tmp,/data-fast/varvara/plot,636.545,246.762,411.255,29.693,1324.258
2,2048,128,262144,/data-fast/varvara/tmp,/data-fast/varvara/plot,632.208,240.123,411.799,29.842,1313.974
2,4096,64,32768,/data-fast/varvara/tmp,/data-fast/varvara/plot,621.755,240.773,417.982,30.587,1311.100
2,4096,64,65536,/data-fast/varvara/tmp,/data-fast/varvara/plot,612.657,244.808,416.270,30.598,1304.335
2,4096,64,131072,/data-fast/varvara/tmp,/data-fast/varvara/plot,609.316,245.048,417.891,30.426,1302.683
2,4096,64,262144,/data-fast/varvara/tmp,/data-fast/varvara/plot,607.376,241.319,418.048,30.925,1297.670
2,4096,128,32768,/data-fast/varvara/tmp,/data-fast/varvara/plot,623.954,241.714,411.775,29.597,1307.043
2,4096,128,65536,/data-fast/varvara/tmp,/data-fast/varvara/plot,605.928,246.809,411.205,29.858,1293.801
2,4096,128,131072,/data-fast/varvara/tmp,/data-fast/varvara/plot,627.996,243.671,412.717,29.868,1314.254
2,4096,128,262144,/data-fast/varvara/tmp,/data-fast/varvara/plot,714.479,240.066,412.780,29.715,1397.042
2,8192,64,32768,/data-fast/varvara/tmp,/data-fast/varvara/plot,616.449,249.052,417.490,30.427,1313.420
2,8192,64,65536,/data-fast/varvara/tmp,/data-fast/varvara/plot,612.641,244.536,417.384,31.064,1305.627
2,8192,64,131072,/data-fast/varvara/tmp,/data-fast/varvara/plot,612.651,245.276,417.006,30.549,1305.484
2,8192,64,262144,/data-fast/varvara/tmp,/data-fast/varvara/plot,603.430,244.978,417.261,30.521,1296.192
2,8192,128,32768,/data-fast/varvara/tmp,/data-fast/varvara/plot,617.934,243.314,411.118,29.407,1301.775
2,8192,128,65536,/data-fast/varvara/tmp,/data-fast/varvara/plot,604.877,238.232,412.592,29.568,1285.270
2,8192,128,131072,/data-fast/varvara/tmp,/data-fast/varvara/plot,649.997,242.971,410.838,29.594,1333.401
2,8192,128,262144,/data-fast/varvara/tmp,/data-fast/varvara/plot,634.501,243.389,412.916,29.503,1320.311
2,16384,64,32768,/data-fast/varvara/tmp,/data-fast/varvara/plot,614.329,244.591,416.838,31.154,1306.915
2,16384,64,65536,/data-fast/varvara/tmp,/data-fast/varvara/plot,611.737,241.848,418.066,30.305,1301.959
2,16384,64,131072,/data-fast/varvara/tmp,/data-fast/varvara/plot,614.056,244.262,415.897,31.092,1305.310
2,16384,64,262144,/data-fast/varvara/tmp,/data-fast/varvara/plot,645.662,247.973,416.078,31.102,1340.817
2,16384,128,32768,/data-fast/varvara/tmp,/data-fast/varvara/plot,615.559,237.408,411.193,29.103,1293.264
2,16384,128,65536,/data-fast/varvara/tmp,/data-fast/varvara/plot,618.189,238.245,410.931,29.455,1296.822
2,16384,128,131072,/data-fast/varvara/tmp,/data-fast/varvara/plot,647.781,239.010,410.617,29.513,1326.923
2,16384,128,262144,/data-fast/varvara/tmp,/data-fast/varvara/plot,617.983,232.798,412.631,29.959,1293.373
4,1024,64,32768,/data-fast/varvara/tmp,/data-fast/varvara/plot,440.473,244.320,416.194,31.112,1132.101
4,1024,64,65536,/data-fast/varvara/tmp,/data-fast/varvara/plot,447.532,248.275,417.221,30.875,1143.905
4,1024,64,131072,/data-fast/varvara/tmp,/data-fast/varvara/plot,455.388,244.162,416.629,30.488,1146.669
4,1024,64,262144,/data-fast/varvara/tmp,/data-fast/varvara/plot,436.259,242.989,417.366,30.447,1127.063
4,1024,128,32768,/data-fast/varvara/tmp,/data-fast/varvara/plot,464.672,239.384,413.514,29.861,1147.433
4,1024,128,65536,/data-fast/varvara/tmp,/data-fast/varvara/plot,467.100,242.602,410.868,29.378,1149.949
4,1024,128,131072,/data-fast/varvara/tmp,/data-fast/varvara/plot,460.166,237.239,413.765,29.851,1141.024
4,1024,128,262144,/data-fast/varvara/tmp,/data-fast/varvara/plot,561.394,238.505,412.588,29.364,1241.852
4,2048,64,32768,/data-fast/varvara/tmp,/data-fast/varvara/plot,445.746,242.782,417.943,30.579,1137.053
4,2048,64,65536,/data-fast/varvara/tmp,/data-fast/varvara/plot,448.415,242.976,416.786,30.983,1139.161
4,2048,64,131072,/data-fast/varvara/tmp,/data-fast/varvara/plot,445.631,242.615,417.615,30.637,1136.500
4,2048,64,262144,/data-fast/varvara/tmp,/data-fast/varvara/plot,477.567,242.802,417.507,30.867,1168.744
4,2048,128,32768,/data-fast/varvara/tmp,/data-fast/varvara/plot,466.547,238.221,411.276,29.793,1145.838
4,2048,128,65536,/data-fast/varvara/tmp,/data-fast/varvara/plot,466.992,242.440,414.007,30.071,1153.513
4,2048,128,131072,/data-fast/varvara/tmp,/data-fast/varvara/plot,501.384,237.226,410.910,29.559,1179.082
4,2048,128,262144,/data-fast/varvara/tmp,/data-fast/varvara/plot,471.934,237.942,412.006,29.541,1151.423
4,4096,64,32768,/data-fast/varvara/tmp,/data-fast/varvara/plot,442.574,240.492,416.156,31.388,1130.612
4,4096,64,65536,/data-fast/varvara/tmp,/data-fast/varvara/plot,441.351,244.185,416.415,30.781,1132.733
4,4096,64,131072,/data-fast/varvara/tmp,/data-fast/varvara/plot,451.215,242.587,417.342,30.357,1141.503
4,4096,64,262144,/data-fast/varvara/tmp,/data-fast/varvara/plot,443.209,240.609,417.424,30.781,1132.024
4,4096,128,32768,/data-fast/varvara/tmp,/data-fast/varvara/plot,454.088,238.313,412.214,29.847,1134.464
4,4096,128,65536,/data-fast/varvara/tmp,/data-fast/varvara/plot,455.007,242.671,411.031,29.787,1138.497
4,4096,128,131072,/data-fast/varvara/tmp,/data-fast/varvara/plot,494.931,240.447,411.159,29.466,1176.006
4,4096,128,262144,/data-fast/varvara/tmp,/data-fast/varvara/plot,447.661,242.446,411.943,29.717,1131.768
4,8192,64,32768,/data-fast/varvara/tmp,/data-fast/varvara/plot,446.630,243.641,418.964,30.644,1139.881
4,8192,64,65536,/data-fast/varvara/tmp,/data-fast/varvara/plot,448.581,245.742,418.412,30.405,1143.142
4,8192,64,131072,/data-fast/varvara/tmp,/data-fast/varvara/plot,444.386,246.953,416.776,30.787,1138.904
4,8192,64,262144,/data-fast/varvara/tmp,/data-fast/varvara/plot,434.223,247.161,417.579,30.586,1129.550
4,8192,128,32768,/data-fast/varvara/tmp,/data-fast/varvara/plot,460.556,242.703,412.220,29.656,1145.137
4,8192,128,65536,/data-fast/varvara/tmp,/data-fast/varvara/plot,461.503,240.027,411.794,30.014,1143.340
4,8192,128,131072,/data-fast/varvara/tmp,/data-fast/varvara/plot,461.540,238.572,412.352,29.600,1142.065
4,8192,128,262144,/data-fast/varvara/tmp,/data-fast/varvara/plot,484.152,238.670,411.557,29.694,1164.076
4,16384,64,32768,/data-fast/varvara/tmp,/data-fast/varvara/plot,440.219,244.491,417.398,30.878,1132.988
4,16384,64,65536,/data-fast/varvara/tmp,/data-fast/varvara/plot,452.543,241.330,416.428,30.797,1141.100
4,16384,64,131072,/data-fast/varvara/tmp,/data-fast/varvara/plot,456.811,242.582,416.088,31.013,1146.497
4,16384,64,262144,/data-fast/varvara/tmp,/data-fast/varvara/plot,482.874,242.276,415.591,30.873,1171.617
4,16384,128,32768,/data-fast/varvara/tmp,/data-fast/varvara/plot,461.853,237.263,411.535,29.343,1139.996
4,16384,128,65536,/data-fast/varvara/tmp,/data-fast/varvara/plot,476.387,237.049,411.499,29.815,1154.752
4,16384,128,131072,/data-fast/varvara/tmp,/data-fast/varvara/plot,440.846,241.269,412.726,30.025,1124.867
4,16384,128,262144,/data-fast/varvara/tmp,/data-fast/varvara/plot,477.547,241.887,411.838,29.644,1160.918
8,1024,64,32768,/data-fast/varvara/tmp,/data-fast/varvara/plot,392.010,245.389,416.952,30.525,1084.877
8,1024,64,65536,/data-fast/varvara/tmp,/data-fast/varvara/plot,390.052,242.654,416.087,31.171,1079.967
8,1024,64,131072,/data-fast/varvara/tmp,/data-fast/varvara/plot,408.491,245.880,418.289,30.465,1103.128
8,1024,64,262144,/data-fast/varvara/tmp,/data-fast/varvara/plot,407.710,240.260,418.582,30.543,1097.097
8,1024,128,32768,/data-fast/varvara/tmp,/data-fast/varvara/plot,377.716,234.209,411.037,29.651,1052.615
8,1024,128,65536,/data-fast/varvara/tmp,/data-fast/varvara/plot,384.101,242.562,410.146,29.357,1066.169
8,1024,128,131072,/data-fast/varvara/tmp,/data-fast/varvara/plot,394.321,243.148,413.494,29.961,1080.925
8,1024,128,262144,/data-fast/varvara/tmp,/data-fast/varvara/plot,440.322,243.113,413.365,30.048,1126.849
8,2048,64,32768,/data-fast/varvara/tmp,/data-fast/varvara/plot,396.462,240.801,418.137,30.740,1086.142
8,2048,64,65536,/data-fast/varvara/tmp,/data-fast/varvara/plot,392.268,246.181,417.670,30.668,1086.790
8,2048,64,131072,/data-fast/varvara/tmp,/data-fast/varvara/plot,403.641,245.196,416.581,30.699,1096.119
8,2048,64,262144,/data-fast/varvara/tmp,/data-fast/varvara/plot,425.134,244.239,417.715,31.060,1118.151
8,2048,128,32768,/data-fast/varvara/tmp,/data-fast/varvara/plot,376.957,235.372,412.229,29.697,1054.257
8,2048,128,65536,/data-fast/varvara/tmp,/data-fast/varvara/plot,392.236,239.519,412.693,30.142,1074.592
8,2048,128,131072,/data-fast/varvara/tmp,/data-fast/varvara/plot,439.807,237.910,412.579,29.791,1120.089
8,2048,128,262144,/data-fast/varvara/tmp,/data-fast/varvara/plot,488.952,237.310,411.892,29.533,1167.689
8,4096,64,32768,/data-fast/varvara/tmp,/data-fast/varvara/plot,393.356,245.179,417.381,30.314,1086.232
8,4096,64,65536,/data-fast/varvara/tmp,/data-fast/varvara/plot,401.281,247.753,416.901,30.492,1096.428
8,4096,64,131072,/data-fast/varvara/tmp,/data-fast/varvara/plot,401.183,243.691,417.045,30.797,1092.719
8,4096,64,262144,/data-fast/varvara/tmp,/data-fast/varvara/plot,409.890,244.144,416.966,30.442,1101.443
8,4096,128,32768,/data-fast/varvara/tmp,/data-fast/varvara/plot,381.082,242.354,413.542,30.021,1067.001
8,4096,128,65536,/data-fast/varvara/tmp,/data-fast/varvara/plot,389.479,242.821,410.867,29.520,1072.689
8,4096,128,131072,/data-fast/varvara/tmp,/data-fast/varvara/plot,403.027,239.053,413.443,29.749,1085.274
8,4096,128,262144,/data-fast/varvara/tmp,/data-fast/varvara/plot,453.607,238.925,410.440,29.813,1132.787
8,8192,64,32768,/data-fast/varvara/tmp,/data-fast/varvara/plot,386.620,240.631,415.629,30.870,1073.752
8,8192,64,65536,/data-fast/varvara/tmp,/data-fast/varvara/plot,391.393,238.668,416.360,31.017,1077.441
8,8192,64,131072,/data-fast/varvara/tmp,/data-fast/varvara/plot,405.260,242.902,416.647,31.269,1096.080
8,8192,64,262144,/data-fast/varvara/tmp,/data-fast/varvara/plot,440.868,241.668,415.724,30.917,1129.179
8,8192,128,32768,/data-fast/varvara/tmp,/data-fast/varvara/plot,375.939,235.278,410.983,29.722,1051.925
8,8192,128,65536,/data-fast/varvara/tmp,/data-fast/varvara/plot,381.828,238.773,411.161,29.818,1061.582
8,8192,128,131072,/data-fast/varvara/tmp,/data-fast/varvara/plot,443.578,239.062,411.145,29.576,1123.362
8,8192,128,262144,/data-fast/varvara/tmp,/data-fast/varvara/plot,484.351,237.004,409.192,29.471,1160.020
8,16384,64,32768,/data-fast/varvara/tmp,/data-fast/varvara/plot,389.256,244.187,417.384,30.569,1081.398
8,16384,64,65536,/data-fast/varvara/tmp,/data-fast/varvara/plot,385.200,245.239,417.303,30.851,1078.595
8,16384,64,131072,/data-fast/varvara/tmp,/data-fast/varvara/plot,405.564,242.093,416.421,30.598,1094.678
8,16384,64,262144,/data-fast/varvara/tmp,/data-fast/varvara/plot,399.189,243.803,416.852,30.474,1090.320
        8,16384,128,32768,/data-fast/varvara/tmp,/data-fast/varvara/plot,377.435,233.558,410.843,29.414,1051.252---------
8,16384,128,65536,/data-fast/varvara/tmp,/data-fast/varvara/plot,385.369,235.460,412.410,29.718,1062.959
8,16384,128,131072,/data-fast/varvara/tmp,/data-fast/varvara/plot,396.167,242.204,410.936,29.611,1078.921
8,16384,128,262144,/data-fast/varvara/tmp,/data-fast/varvara/plot,450.687,241.964,412.139,29.854,1134.646
